"filename", "language", "CSS", "JSON", "JavaScript", "PHP", "XML", "Markdown", "SCSS", "JavaScript React", "JSON with Comments", "comment", "blank", "total"
"c:\laragon\www\ProyectoFinalSW1\.vs\VSWorkspaceState.json", "JSON", 0, 6, 0, 0, 0, 0, 0, 0, 0, 0, 0, 6
"c:\laragon\www\ProyectoFinalSW1\README.md", "Markdown", 0, 0, 0, 0, 0, 45, 0, 0, 0, 0, 22, 67
"c:\laragon\www\ProyectoFinalSW1\app\Console\Kernel.php", "PHP", 0, 0, 0, 15, 0, 0, 0, 0, 0, 7, 6, 28
"c:\laragon\www\ProyectoFinalSW1\app\Exceptions\Handler.php", "PHP", 0, 0, 0, 17, 0, 0, 0, 0, 0, 9, 5, 31
"c:\laragon\www\ProyectoFinalSW1\app\Http\Controllers\Auth\ConfirmPasswordController.php", "PHP", 0, 0, 0, 14, 0, 0, 0, 0, 0, 20, 7, 41
"c:\laragon\www\ProyectoFinalSW1\app\Http\Controllers\Auth\ForgotPasswordController.php", "PHP", 0, 0, 0, 8, 0, 0, 0, 0, 0, 10, 5, 23
"c:\laragon\www\ProyectoFinalSW1\app\Http\Controllers\Auth\LoginController.php", "PHP", 0, 0, 0, 14, 0, 0, 0, 0, 0, 20, 7, 41
"c:\laragon\www\ProyectoFinalSW1\app\Http\Controllers\Auth\RegisterController.php", "PHP", 0, 0, 0, 33, 0, 0, 0, 0, 0, 32, 9, 74
"c:\laragon\www\ProyectoFinalSW1\app\Http\Controllers\Auth\ResetPasswordController.php", "PHP", 0, 0, 0, 10, 0, 0, 0, 0, 0, 15, 6, 31
"c:\laragon\www\ProyectoFinalSW1\app\Http\Controllers\Auth\VerificationController.php", "PHP", 0, 0, 0, 16, 0, 0, 0, 0, 0, 20, 7, 43
"c:\laragon\www\ProyectoFinalSW1\app\Http\Controllers\Controller.php", "PHP", 0, 0, 0, 9, 0, 0, 0, 0, 0, 0, 4, 13
"c:\laragon\www\ProyectoFinalSW1\app\Http\Controllers\CuentoController.php", "PHP", 0, 0, 0, 66, 0, 0, 0, 0, 0, 5, 23, 94
"c:\laragon\www\ProyectoFinalSW1\app\Http\Controllers\GeneroController.php", "PHP", 0, 0, 0, 28, 0, 0, 0, 0, 0, 0, 24, 52
"c:\laragon\www\ProyectoFinalSW1\app\Http\Controllers\HomeController.php", "PHP", 0, 0, 0, 14, 0, 0, 0, 0, 0, 10, 5, 29
"c:\laragon\www\ProyectoFinalSW1\app\Http\Controllers\PaginaController.php", "PHP", 0, 0, 0, 97, 0, 0, 0, 0, 0, 11, 41, 149
"c:\laragon\www\ProyectoFinalSW1\app\Http\Controllers\ProfileController.php", "PHP", 0, 0, 0, 34, 0, 0, 0, 0, 0, 4, 15, 53
"c:\laragon\www\ProyectoFinalSW1\app\Http\Kernel.php", "PHP", 0, 0, 0, 40, 0, 0, 0, 0, 0, 21, 7, 68
"c:\laragon\www\ProyectoFinalSW1\app\Http\Middleware\Authenticate.php", "PHP", 0, 0, 0, 11, 0, 0, 0, 0, 0, 3, 4, 18
"c:\laragon\www\ProyectoFinalSW1\app\Http\Middleware\EncryptCookies.php", "PHP", 0, 0, 0, 8, 0, 0, 0, 0, 0, 6, 4, 18
"c:\laragon\www\ProyectoFinalSW1\app\Http\Middleware\PreventRequestsDuringMaintenance.php", "PHP", 0, 0, 0, 8, 0, 0, 0, 0, 0, 6, 4, 18
"c:\laragon\www\ProyectoFinalSW1\app\Http\Middleware\RedirectIfAuthenticated.php", "PHP", 0, 0, 0, 20, 0, 0, 0, 0, 0, 5, 6, 31
"c:\laragon\www\ProyectoFinalSW1\app\Http\Middleware\TrimStrings.php", "PHP", 0, 0, 0, 11, 0, 0, 0, 0, 0, 5, 4, 20
"c:\laragon\www\ProyectoFinalSW1\app\Http\Middleware\TrustHosts.php", "PHP", 0, 0, 0, 12, 0, 0, 0, 0, 0, 5, 4, 21
"c:\laragon\www\ProyectoFinalSW1\app\Http\Middleware\TrustProxies.php", "PHP", 0, 0, 0, 14, 0, 0, 0, 0, 0, 10, 5, 29
"c:\laragon\www\ProyectoFinalSW1\app\Http\Middleware\ValidateSignature.php", "PHP", 0, 0, 0, 8, 0, 0, 0, 0, 0, 11, 4, 23
"c:\laragon\www\ProyectoFinalSW1\app\Http\Middleware\VerifyCsrfToken.php", "PHP", 0, 0, 0, 8, 0, 0, 0, 0, 0, 6, 4, 18
"c:\laragon\www\ProyectoFinalSW1\app\Models\Cuento.php", "PHP", 0, 0, 0, 32, 0, 0, 0, 0, 0, 0, 18, 50
"c:\laragon\www\ProyectoFinalSW1\app\Models\Genero.php", "PHP", 0, 0, 0, 16, 0, 0, 0, 0, 0, 0, 7, 23
"c:\laragon\www\ProyectoFinalSW1\app\Models\Pagina.php", "PHP", 0, 0, 0, 17, 0, 0, 0, 0, 0, 15, 15, 47
"c:\laragon\www\ProyectoFinalSW1\app\Models\User.php", "PHP", 0, 0, 0, 27, 0, 0, 0, 0, 0, 6, 10, 43
"c:\laragon\www\ProyectoFinalSW1\app\Providers\AppServiceProvider.php", "PHP", 0, 0, 0, 12, 0, 0, 0, 0, 0, 8, 5, 25
"c:\laragon\www\ProyectoFinalSW1\app\Providers\AuthServiceProvider.php", "PHP", 0, 0, 0, 11, 0, 0, 0, 0, 0, 11, 5, 27
"c:\laragon\www\ProyectoFinalSW1\app\Providers\BroadcastServiceProvider.php", "PHP", 0, 0, 0, 12, 0, 0, 0, 0, 0, 3, 5, 20
"c:\laragon\www\ProyectoFinalSW1\app\Providers\EventServiceProvider.php", "PHP", 0, 0, 0, 21, 0, 0, 0, 0, 0, 12, 6, 39
"c:\laragon\www\ProyectoFinalSW1\app\Providers\RouteServiceProvider.php", "PHP", 0, 0, 0, 24, 0, 0, 0, 0, 0, 10, 7, 41
"c:\laragon\www\ProyectoFinalSW1\bootstrap\app.php", "PHP", 0, 0, 0, 17, 0, 0, 0, 0, 0, 30, 9, 56
"c:\laragon\www\ProyectoFinalSW1\composer.json", "JSON", 0, 70, 0, 0, 0, 0, 0, 0, 0, 0, 1, 71
"c:\laragon\www\ProyectoFinalSW1\composer.lock", "JSON", 0, 8301, 0, 0, 0, 0, 0, 0, 0, 0, 1, 8302
"c:\laragon\www\ProyectoFinalSW1\config\adminlte.php", "PHP", 0, 0, 0, 224, 0, 0, 0, 0, 0, 282, 41, 547
"c:\laragon\www\ProyectoFinalSW1\config\app.php", "PHP", 0, 0, 0, 28, 0, 0, 0, 0, 0, 131, 31, 190
"c:\laragon\www\ProyectoFinalSW1\config\auth.php", "PHP", 0, 0, 0, 28, 0, 0, 0, 0, 0, 74, 14, 116
"c:\laragon\www\ProyectoFinalSW1\config\broadcasting.php", "PHP", 0, 0, 0, 36, 0, 0, 0, 0, 0, 23, 13, 72
"c:\laragon\www\ProyectoFinalSW1\config\cache.php", "PHP", 0, 0, 0, 59, 0, 0, 0, 0, 0, 34, 19, 112
"c:\laragon\www\ProyectoFinalSW1\config\cors.php", "PHP", 0, 0, 0, 3, 0, 0, 0, 0, 0, 29, 3, 35
"c:\laragon\www\ProyectoFinalSW1\config\crud.php", "PHP", 0, 0, 0, 20, 0, 0, 0, 0, 0, 35, 10, 65
"c:\laragon\www\ProyectoFinalSW1\config\database.php", "PHP", 0, 0, 0, 83, 0, 0, 0, 0, 0, 47, 22, 152
"c:\laragon\www\ProyectoFinalSW1\config\filesystems.php", "PHP", 0, 0, 0, 32, 0, 0, 0, 0, 0, 32, 13, 77
"c:\laragon\www\ProyectoFinalSW1\config\hashing.php", "PHP", 0, 0, 0, 12, 0, 0, 0, 0, 0, 32, 9, 53
"c:\laragon\www\ProyectoFinalSW1\config\logging.php", "PHP", 0, 0, 0, 79, 0, 0, 0, 0, 0, 34, 19, 132
"c:\laragon\www\ProyectoFinalSW1\config\mail.php", "PHP", 0, 0, 0, 54, 0, 0, 0, 0, 0, 53, 19, 126
"c:\laragon\www\ProyectoFinalSW1\config\queue.php", "PHP", 0, 0, 0, 51, 0, 0, 0, 0, 0, 42, 17, 110
"c:\laragon\www\ProyectoFinalSW1\config\sanctum.php", "PHP", 0, 0, 0, 15, 0, 0, 0, 0, 0, 41, 12, 68
"c:\laragon\www\ProyectoFinalSW1\config\services.php", "PHP", 0, 0, 0, 17, 0, 0, 0, 0, 0, 11, 7, 35
"c:\laragon\www\ProyectoFinalSW1\config\session.php", "PHP", 0, 0, 0, 22, 0, 0, 0, 0, 0, 147, 33, 202
"c:\laragon\www\ProyectoFinalSW1\config\view.php", "PHP", 0, 0, 0, 10, 0, 0, 0, 0, 0, 20, 7, 37
"c:\laragon\www\ProyectoFinalSW1\database\factories\UserFactory.php", "PHP", 0, 0, 0, 23, 0, 0, 0, 0, 0, 11, 5, 39
"c:\laragon\www\ProyectoFinalSW1\database\migrations\2014_10_12_000000_create_users_table.php", "PHP", 0, 0, 0, 24, 0, 0, 0, 0, 0, 6, 4, 34
"c:\laragon\www\ProyectoFinalSW1\database\migrations\2014_10_12_100000_create_password_reset_tokens_table.php", "PHP", 0, 0, 0, 19, 0, 0, 0, 0, 0, 6, 4, 29
"c:\laragon\www\ProyectoFinalSW1\database\migrations\2014_10_12_100000_create_password_resets_table.php", "PHP", 0, 0, 0, 19, 0, 0, 0, 0, 0, 10, 4, 33
"c:\laragon\www\ProyectoFinalSW1\database\migrations\2019_08_19_000000_create_failed_jobs_table.php", "PHP", 0, 0, 0, 23, 0, 0, 0, 0, 0, 6, 4, 33
"c:\laragon\www\ProyectoFinalSW1\database\migrations\2019_12_14_000001_create_personal_access_tokens_table.php", "PHP", 0, 0, 0, 24, 0, 0, 0, 0, 0, 6, 4, 34
"c:\laragon\www\ProyectoFinalSW1\database\migrations\2023_06_06_030026_create_genero_table.php", "PHP", 0, 0, 0, 32, 0, 0, 0, 0, 0, 6, 5, 43
"c:\laragon\www\ProyectoFinalSW1\database\migrations\2023_06_06_030042_create_tipo_table.php", "PHP", 0, 0, 0, 19, 0, 0, 0, 0, 0, 6, 4, 29
"c:\laragon\www\ProyectoFinalSW1\database\migrations\2023_06_06_030632_create_cuento_table.php", "PHP", 0, 0, 0, 24, 0, 0, 0, 0, 0, 6, 4, 34
"c:\laragon\www\ProyectoFinalSW1\database\migrations\2023_06_06_031436_create_elemento_table.php", "PHP", 0, 0, 0, 23, 0, 0, 0, 0, 0, 6, 4, 33
"c:\laragon\www\ProyectoFinalSW1\database\migrations\2023_06_06_031957_create_pagina_table.php", "PHP", 0, 0, 0, 22, 0, 0, 0, 0, 0, 6, 4, 32
"c:\laragon\www\ProyectoFinalSW1\database\migrations\2023_06_06_033117_create_ilustracion_table.php", "PHP", 0, 0, 0, 24, 0, 0, 0, 0, 0, 6, 4, 34
"c:\laragon\www\ProyectoFinalSW1\database\seeders\DatabaseSeeder.php", "PHP", 0, 0, 0, 9, 0, 0, 0, 0, 0, 9, 5, 23
"c:\laragon\www\ProyectoFinalSW1\lang\vendor\adminlte\ar\adminlte.php", "PHP", 0, 0, 0, 20, 0, 0, 0, 0, 0, 0, 2, 22
"c:\laragon\www\ProyectoFinalSW1\lang\vendor\adminlte\bn\adminlte.php", "PHP", 0, 0, 0, 27, 0, 0, 0, 0, 0, 0, 3, 30
"c:\laragon\www\ProyectoFinalSW1\lang\vendor\adminlte\bn\iframe.php", "PHP", 0, 0, 0, 10, 0, 0, 0, 0, 0, 10, 5, 25
"c:\laragon\www\ProyectoFinalSW1\lang\vendor\adminlte\bn\menu.php", "PHP", 0, 0, 0, 17, 0, 0, 0, 0, 0, 0, 3, 20
"c:\laragon\www\ProyectoFinalSW1\lang\vendor\adminlte\ca\adminlte.php", "PHP", 0, 0, 0, 20, 0, 0, 0, 0, 0, 0, 2, 22
"c:\laragon\www\ProyectoFinalSW1\lang\vendor\adminlte\de\adminlte.php", "PHP", 0, 0, 0, 25, 0, 0, 0, 0, 0, 0, 3, 28
"c:\laragon\www\ProyectoFinalSW1\lang\vendor\adminlte\de\iframe.php", "PHP", 0, 0, 0, 10, 0, 0, 0, 0, 0, 10, 5, 25
"c:\laragon\www\ProyectoFinalSW1\lang\vendor\adminlte\de\menu.php", "PHP", 0, 0, 0, 17, 0, 0, 0, 0, 0, 0, 3, 20
"c:\laragon\www\ProyectoFinalSW1\lang\vendor\adminlte\en\adminlte.php", "PHP", 0, 0, 0, 27, 0, 0, 0, 0, 0, 0, 3, 30
"c:\laragon\www\ProyectoFinalSW1\lang\vendor\adminlte\en\iframe.php", "PHP", 0, 0, 0, 10, 0, 0, 0, 0, 0, 10, 5, 25
"c:\laragon\www\ProyectoFinalSW1\lang\vendor\adminlte\en\menu.php", "PHP", 0, 0, 0, 17, 0, 0, 0, 0, 0, 0, 3, 20
"c:\laragon\www\ProyectoFinalSW1\lang\vendor\adminlte\es\adminlte.php", "PHP", 0, 0, 0, 27, 0, 0, 0, 0, 0, 0, 3, 30
"c:\laragon\www\ProyectoFinalSW1\lang\vendor\adminlte\es\iframe.php", "PHP", 0, 0, 0, 10, 0, 0, 0, 0, 0, 10, 5, 25
"c:\laragon\www\ProyectoFinalSW1\lang\vendor\adminlte\es\menu.php", "PHP", 0, 0, 0, 17, 0, 0, 0, 0, 0, 0, 3, 20
"c:\laragon\www\ProyectoFinalSW1\lang\vendor\adminlte\fa\adminlte.php", "PHP", 0, 0, 0, 20, 0, 0, 0, 0, 0, 0, 3, 23
"c:\laragon\www\ProyectoFinalSW1\lang\vendor\adminlte\fr\adminlte.php", "PHP", 0, 0, 0, 27, 0, 0, 0, 0, 0, 0, 3, 30
"c:\laragon\www\ProyectoFinalSW1\lang\vendor\adminlte\fr\iframe.php", "PHP", 0, 0, 0, 10, 0, 0, 0, 0, 0, 10, 5, 25
"c:\laragon\www\ProyectoFinalSW1\lang\vendor\adminlte\fr\menu.php", "PHP", 0, 0, 0, 17, 0, 0, 0, 0, 0, 0, 3, 20
"c:\laragon\www\ProyectoFinalSW1\lang\vendor\adminlte\hr\adminlte.php", "PHP", 0, 0, 0, 20, 0, 0, 0, 0, 0, 0, 3, 23
"c:\laragon\www\ProyectoFinalSW1\lang\vendor\adminlte\hu\adminlte.php", "PHP", 0, 0, 0, 20, 0, 0, 0, 0, 0, 0, 2, 22
"c:\laragon\www\ProyectoFinalSW1\lang\vendor\adminlte\id\adminlte.php", "PHP", 0, 0, 0, 26, 0, 0, 0, 0, 0, 0, 3, 29
"c:\laragon\www\ProyectoFinalSW1\lang\vendor\adminlte\id\menu.php", "PHP", 0, 0, 0, 17, 0, 0, 0, 0, 0, 0, 3, 20
"c:\laragon\www\ProyectoFinalSW1\lang\vendor\adminlte\it\adminlte.php", "PHP", 0, 0, 0, 20, 0, 0, 0, 0, 0, 0, 3, 23
"c:\laragon\www\ProyectoFinalSW1\lang\vendor\adminlte\it\iframe.php", "PHP", 0, 0, 0, 10, 0, 0, 0, 0, 0, 10, 4, 24
"c:\laragon\www\ProyectoFinalSW1\lang\vendor\adminlte\it\menu.php", "PHP", 0, 0, 0, 17, 0, 0, 0, 0, 0, 0, 3, 20
"c:\laragon\www\ProyectoFinalSW1\lang\vendor\adminlte\ja\adminlte.php", "PHP", 0, 0, 0, 25, 0, 0, 0, 0, 0, 0, 3, 28
"c:\laragon\www\ProyectoFinalSW1\lang\vendor\adminlte\ja\menu.php", "PHP", 0, 0, 0, 17, 0, 0, 0, 0, 0, 0, 3, 20
"c:\laragon\www\ProyectoFinalSW1\lang\vendor\adminlte\la\adminlte.php", "PHP", 0, 0, 0, 20, 0, 0, 0, 0, 0, 0, 3, 23
"c:\laragon\www\ProyectoFinalSW1\lang\vendor\adminlte\la\menu.php", "PHP", 0, 0, 0, 17, 0, 0, 0, 0, 0, 0, 3, 20
"c:\laragon\www\ProyectoFinalSW1\lang\vendor\adminlte\nl\adminlte.php", "PHP", 0, 0, 0, 20, 0, 0, 0, 0, 0, 0, 3, 23
"c:\laragon\www\ProyectoFinalSW1\lang\vendor\adminlte\pl\adminlte.php", "PHP", 0, 0, 0, 26, 0, 0, 0, 0, 0, 0, 3, 29
"c:\laragon\www\ProyectoFinalSW1\lang\vendor\adminlte\pl\menu.php", "PHP", 0, 0, 0, 17, 0, 0, 0, 0, 0, 0, 3, 20
"c:\laragon\www\ProyectoFinalSW1\lang\vendor\adminlte\pt-br\adminlte.php", "PHP", 0, 0, 0, 26, 0, 0, 0, 0, 0, 0, 3, 29
"c:\laragon\www\ProyectoFinalSW1\lang\vendor\adminlte\pt-br\menu.php", "PHP", 0, 0, 0, 17, 0, 0, 0, 0, 0, 0, 3, 20
"c:\laragon\www\ProyectoFinalSW1\lang\vendor\adminlte\ru\adminlte.php", "PHP", 0, 0, 0, 20, 0, 0, 0, 0, 0, 0, 4, 24
"c:\laragon\www\ProyectoFinalSW1\lang\vendor\adminlte\ru\menu.php", "PHP", 0, 0, 0, 17, 0, 0, 0, 0, 0, 0, 3, 20
"c:\laragon\www\ProyectoFinalSW1\lang\vendor\adminlte\sk\adminlte.php", "PHP", 0, 0, 0, 27, 0, 0, 0, 0, 0, 0, 3, 30
"c:\laragon\www\ProyectoFinalSW1\lang\vendor\adminlte\sk\iframe.php", "PHP", 0, 0, 0, 10, 0, 0, 0, 0, 0, 10, 5, 25
"c:\laragon\www\ProyectoFinalSW1\lang\vendor\adminlte\sk\menu.php", "PHP", 0, 0, 0, 17, 0, 0, 0, 0, 0, 0, 3, 20
"c:\laragon\www\ProyectoFinalSW1\lang\vendor\adminlte\sr\adminlte.php", "PHP", 0, 0, 0, 26, 0, 0, 0, 0, 0, 0, 3, 29
"c:\laragon\www\ProyectoFinalSW1\lang\vendor\adminlte\sr\menu.php", "PHP", 0, 0, 0, 19, 0, 0, 0, 0, 0, 0, 3, 22
"c:\laragon\www\ProyectoFinalSW1\lang\vendor\adminlte\tr\adminlte.php", "PHP", 0, 0, 0, 26, 0, 0, 0, 0, 0, 0, 4, 30
"c:\laragon\www\ProyectoFinalSW1\lang\vendor\adminlte\tr\menu.php", "PHP", 0, 0, 0, 17, 0, 0, 0, 0, 0, 0, 3, 20
"c:\laragon\www\ProyectoFinalSW1\lang\vendor\adminlte\uk\adminlte.php", "PHP", 0, 0, 0, 20, 0, 0, 0, 0, 0, 0, 4, 24
"c:\laragon\www\ProyectoFinalSW1\lang\vendor\adminlte\uk\menu.php", "PHP", 0, 0, 0, 17, 0, 0, 0, 0, 0, 0, 3, 20
"c:\laragon\www\ProyectoFinalSW1\lang\vendor\adminlte\vi\adminlte.php", "PHP", 0, 0, 0, 20, 0, 0, 0, 0, 0, 0, 3, 23
"c:\laragon\www\ProyectoFinalSW1\lang\vendor\adminlte\vi\menu.php", "PHP", 0, 0, 0, 17, 0, 0, 0, 0, 0, 0, 3, 20
"c:\laragon\www\ProyectoFinalSW1\lang\vendor\adminlte\zh-CN\adminlte.php", "PHP", 0, 0, 0, 20, 0, 0, 0, 0, 0, 0, 3, 23
"c:\laragon\www\ProyectoFinalSW1\lang\vendor\adminlte\zh-CN\menu.php", "PHP", 0, 0, 0, 17, 0, 0, 0, 0, 0, 0, 3, 20
"c:\laragon\www\ProyectoFinalSW1\package-lock.json", "JSON", 0, 1732, 0, 0, 0, 0, 0, 0, 0, 0, 1, 1733
"c:\laragon\www\ProyectoFinalSW1\package.json", "JSON", 0, 19, 0, 0, 0, 0, 0, 0, 0, 0, 1, 20
"c:\laragon\www\ProyectoFinalSW1\phpunit.xml", "XML", 0, 0, 0, 0, 29, 0, 0, 0, 0, 2, 1, 32
"c:\laragon\www\ProyectoFinalSW1\public\css\styles.css", "CSS", 10139, 0, 0, 0, 0, 0, 0, 0, 0, 37, 745, 10921
"c:\laragon\www\ProyectoFinalSW1\public\index.php", "PHP", 0, 0, 0, 14, 0, 0, 0, 0, 0, 30, 12, 56
"c:\laragon\www\ProyectoFinalSW1\public\js\scripts.js", "JavaScript", 0, 0, 0, 0, 0, 0, 0, 0, 0, 7, 0, 7
"c:\laragon\www\ProyectoFinalSW1\public\vendor\adminlte\dist\css\adminlte.css", "CSS", 43649, 0, 0, 0, 0, 0, 0, 0, 0, 21, 9342, 53012
"c:\laragon\www\ProyectoFinalSW1\public\vendor\adminlte\dist\css\adminlte.min.css", "CSS", 2, 0, 0, 0, 0, 0, 0, 0, 0, 10, 0, 12
"c:\laragon\www\ProyectoFinalSW1\public\vendor\adminlte\dist\js\.eslintrc.json", "JSON with Comments", 0, 0, 0, 0, 0, 0, 0, 0, 57, 0, 1, 58
"c:\laragon\www\ProyectoFinalSW1\public\vendor\adminlte\dist\js\adminlte.js", "JavaScript", 0, 0, 2191, 0, 0, 0, 0, 0, 0, 330, 549, 3070
"c:\laragon\www\ProyectoFinalSW1\public\vendor\adminlte\dist\js\adminlte.min.js", "JavaScript", 0, 0, 1, 0, 0, 0, 0, 0, 0, 6, 0, 7
"c:\laragon\www\ProyectoFinalSW1\public\vendor\bootstrap\js\bootstrap.bundle.js", "JavaScript", 0, 0, 4510, 0, 0, 0, 0, 0, 0, 1272, 1191, 6973
"c:\laragon\www\ProyectoFinalSW1\public\vendor\bootstrap\js\bootstrap.bundle.min.js", "JavaScript", 0, 0, 1, 0, 0, 0, 0, 0, 0, 6, 0, 7
"c:\laragon\www\ProyectoFinalSW1\public\vendor\bootstrap\js\bootstrap.js", "JavaScript", 0, 0, 3270, 0, 0, 0, 0, 0, 0, 222, 866, 4358
"c:\laragon\www\ProyectoFinalSW1\public\vendor\bootstrap\js\bootstrap.min.js", "JavaScript", 0, 0, 1, 0, 0, 0, 0, 0, 0, 6, 0, 7
"c:\laragon\www\ProyectoFinalSW1\public\vendor\fontawesome-free\css\all.css", "CSS", 3110, 0, 0, 0, 0, 0, 0, 0, 0, 6, 1501, 4617
"c:\laragon\www\ProyectoFinalSW1\public\vendor\fontawesome-free\css\all.min.css", "CSS", 1, 0, 0, 0, 0, 0, 0, 0, 0, 4, 0, 5
"c:\laragon\www\ProyectoFinalSW1\public\vendor\fontawesome-free\css\brands.css", "CSS", 10, 0, 0, 0, 0, 0, 0, 0, 0, 4, 2, 16
"c:\laragon\www\ProyectoFinalSW1\public\vendor\fontawesome-free\css\brands.min.css", "CSS", 1, 0, 0, 0, 0, 0, 0, 0, 0, 4, 0, 5
"c:\laragon\www\ProyectoFinalSW1\public\vendor\fontawesome-free\css\fontawesome.css", "CSS", 3079, 0, 0, 0, 0, 0, 0, 0, 0, 6, 1498, 4583
"c:\laragon\www\ProyectoFinalSW1\public\vendor\fontawesome-free\css\fontawesome.min.css", "CSS", 1, 0, 0, 0, 0, 0, 0, 0, 0, 4, 0, 5
"c:\laragon\www\ProyectoFinalSW1\public\vendor\fontawesome-free\css\regular.css", "CSS", 10, 0, 0, 0, 0, 0, 0, 0, 0, 4, 2, 16
"c:\laragon\www\ProyectoFinalSW1\public\vendor\fontawesome-free\css\regular.min.css", "CSS", 1, 0, 0, 0, 0, 0, 0, 0, 0, 4, 0, 5
"c:\laragon\www\ProyectoFinalSW1\public\vendor\fontawesome-free\css\solid.css", "CSS", 11, 0, 0, 0, 0, 0, 0, 0, 0, 4, 2, 17
"c:\laragon\www\ProyectoFinalSW1\public\vendor\fontawesome-free\css\solid.min.css", "CSS", 1, 0, 0, 0, 0, 0, 0, 0, 0, 4, 0, 5
"c:\laragon\www\ProyectoFinalSW1\public\vendor\fontawesome-free\css\svg-with-js.css", "CSS", 312, 0, 0, 0, 0, 0, 0, 0, 0, 4, 56, 372
"c:\laragon\www\ProyectoFinalSW1\public\vendor\fontawesome-free\css\svg-with-js.min.css", "CSS", 1, 0, 0, 0, 0, 0, 0, 0, 0, 4, 0, 5
"c:\laragon\www\ProyectoFinalSW1\public\vendor\fontawesome-free\css\v4-shims.css", "CSS", 1556, 0, 0, 0, 0, 0, 0, 0, 0, 4, 613, 2173
"c:\laragon\www\ProyectoFinalSW1\public\vendor\fontawesome-free\css\v4-shims.min.css", "CSS", 1, 0, 0, 0, 0, 0, 0, 0, 0, 4, 0, 5
"c:\laragon\www\ProyectoFinalSW1\public\vendor\fontawesome-free\webfonts\fa-brands-400.svg", "XML", 0, 0, 0, 0, 3717, 0, 0, 0, 0, 0, 1, 3718
"c:\laragon\www\ProyectoFinalSW1\public\vendor\fontawesome-free\webfonts\fa-regular-400.svg", "XML", 0, 0, 0, 0, 801, 0, 0, 0, 0, 0, 1, 802
"c:\laragon\www\ProyectoFinalSW1\public\vendor\fontawesome-free\webfonts\fa-solid-900.svg", "XML", 0, 0, 0, 0, 5034, 0, 0, 0, 0, 0, 1, 5035
"c:\laragon\www\ProyectoFinalSW1\public\vendor\icheck-bootstrap\icheck-bootstrap.css", "CSS", 321, 0, 0, 0, 0, 0, 0, 0, 0, 5, 65, 391
"c:\laragon\www\ProyectoFinalSW1\public\vendor\icheck-bootstrap\icheck-bootstrap.min.css", "CSS", 1, 0, 0, 0, 0, 0, 0, 0, 0, 4, 0, 5
"c:\laragon\www\ProyectoFinalSW1\public\vendor\jquery\jquery.js", "JavaScript", 0, 0, 6895, 0, 0, 0, 0, 0, 0, 1911, 2076, 10882
"c:\laragon\www\ProyectoFinalSW1\public\vendor\jquery\jquery.min.js", "JavaScript", 0, 0, 1, 0, 0, 0, 0, 0, 0, 1, 1, 3
"c:\laragon\www\ProyectoFinalSW1\public\vendor\overlayScrollbars\css\OverlayScrollbars.css", "CSS", 605, 0, 0, 0, 0, 0, 0, 0, 0, 24, 7, 636
"c:\laragon\www\ProyectoFinalSW1\public\vendor\overlayScrollbars\css\OverlayScrollbars.min.css", "CSS", 1, 0, 0, 0, 0, 0, 0, 0, 0, 12, 0, 13
"c:\laragon\www\ProyectoFinalSW1\public\vendor\overlayScrollbars\js\OverlayScrollbars.js", "JavaScript", 0, 0, 4858, 0, 0, 0, 0, 0, 0, 1125, 678, 6661
"c:\laragon\www\ProyectoFinalSW1\public\vendor\overlayScrollbars\js\OverlayScrollbars.min.js", "JavaScript", 0, 0, 1, 0, 0, 0, 0, 0, 0, 12, 0, 13
"c:\laragon\www\ProyectoFinalSW1\public\vendor\overlayScrollbars\js\jquery.overlayScrollbars.js", "JavaScript", 0, 0, 3967, 0, 0, 0, 0, 0, 0, 1067, 544, 5578
"c:\laragon\www\ProyectoFinalSW1\public\vendor\overlayScrollbars\js\jquery.overlayScrollbars.min.js", "JavaScript", 0, 0, 1, 0, 0, 0, 0, 0, 0, 12, 0, 13
"c:\laragon\www\ProyectoFinalSW1\public\vendor\popper\esm\popper-utils.js", "JavaScript", 0, 0, 616, 0, 0, 0, 0, 0, 0, 360, 138, 1114
"c:\laragon\www\ProyectoFinalSW1\public\vendor\popper\esm\popper-utils.min.js", "JavaScript", 0, 0, 1, 0, 0, 0, 0, 0, 0, 4, 1, 6
"c:\laragon\www\ProyectoFinalSW1\public\vendor\popper\esm\popper.js", "JavaScript", 0, 0, 1241, 0, 0, 0, 0, 0, 0, 1051, 325, 2617
"c:\laragon\www\ProyectoFinalSW1\public\vendor\popper\esm\popper.min.js", "JavaScript", 0, 0, 1, 0, 0, 0, 0, 0, 0, 4, 1, 6
"c:\laragon\www\ProyectoFinalSW1\public\vendor\popper\popper-utils.js", "JavaScript", 0, 0, 579, 0, 0, 0, 0, 0, 0, 360, 124, 1063
"c:\laragon\www\ProyectoFinalSW1\public\vendor\popper\popper-utils.min.js", "JavaScript", 0, 0, 1, 0, 0, 0, 0, 0, 0, 4, 1, 6
"c:\laragon\www\ProyectoFinalSW1\public\vendor\popper\popper.js", "JavaScript", 0, 0, 1125, 0, 0, 0, 0, 0, 0, 1051, 287, 2463
"c:\laragon\www\ProyectoFinalSW1\public\vendor\popper\popper.min.js", "JavaScript", 0, 0, 1, 0, 0, 0, 0, 0, 0, 4, 1, 6
"c:\laragon\www\ProyectoFinalSW1\public\vendor\popper\umd\popper-utils.js", "JavaScript", 0, 0, 651, 0, 0, 0, 0, 0, 0, 360, 141, 1152
"c:\laragon\www\ProyectoFinalSW1\public\vendor\popper\umd\popper-utils.min.js", "JavaScript", 0, 0, 1, 0, 0, 0, 0, 0, 0, 4, 1, 6
"c:\laragon\www\ProyectoFinalSW1\public\vendor\popper\umd\popper.js", "JavaScript", 0, 0, 1247, 0, 0, 0, 0, 0, 0, 1051, 327, 2625
"c:\laragon\www\ProyectoFinalSW1\public\vendor\popper\umd\popper.min.js", "JavaScript", 0, 0, 1, 0, 0, 0, 0, 0, 0, 4, 1, 6
"c:\laragon\www\ProyectoFinalSW1\resources\css\app.css", "CSS", 0, 0, 0, 0, 0, 0, 0, 0, 0, 0, 1, 1
"c:\laragon\www\ProyectoFinalSW1\resources\js\app.js", "JavaScript", 0, 0, 2, 0, 0, 0, 0, 0, 0, 10, 4, 16
"c:\laragon\www\ProyectoFinalSW1\resources\js\bootstrap.js", "JavaScript", 0, 0, 4, 0, 0, 0, 0, 0, 0, 22, 8, 34
"c:\laragon\www\ProyectoFinalSW1\resources\js\components\Example.jsx", "JavaScript React", 0, 0, 0, 0, 0, 0, 0, 25, 0, 0, 6, 31
"c:\laragon\www\ProyectoFinalSW1\resources\sass\_variables.scss", "SCSS", 0, 0, 0, 0, 0, 0, 4, 0, 0, 2, 2, 8
"c:\laragon\www\ProyectoFinalSW1\resources\sass\app.scss", "SCSS", 0, 0, 0, 0, 0, 0, 3, 0, 0, 3, 3, 9
"c:\laragon\www\ProyectoFinalSW1\resources\views\auth\login.blade.php", "PHP", 0, 0, 0, 1, 0, 0, 0, 0, 0, 0, 1, 2
"c:\laragon\www\ProyectoFinalSW1\resources\views\auth\passwords\confirm.blade.php", "PHP", 0, 0, 0, 1, 0, 0, 0, 0, 0, 0, 1, 2
"c:\laragon\www\ProyectoFinalSW1\resources\views\auth\passwords\email.blade.php", "PHP", 0, 0, 0, 1, 0, 0, 0, 0, 0, 0, 1, 2
"c:\laragon\www\ProyectoFinalSW1\resources\views\auth\passwords\reset.blade.php", "PHP", 0, 0, 0, 1, 0, 0, 0, 0, 0, 0, 1, 2
"c:\laragon\www\ProyectoFinalSW1\resources\views\auth\register.blade.php", "PHP", 0, 0, 0, 1, 0, 0, 0, 0, 0, 0, 1, 2
"c:\laragon\www\ProyectoFinalSW1\resources\views\auth\verify.blade.php", "PHP", 0, 0, 0, 1, 0, 0, 0, 0, 0, 0, 1, 2
"c:\laragon\www\ProyectoFinalSW1\resources\views\crearCuento.blade.php", "PHP", 0, 0, 0, 41, 0, 0, 0, 0, 0, 0, 17, 58
"c:\laragon\www\ProyectoFinalSW1\resources\views\cuento\create.blade.php", "PHP", 0, 0, 0, 57, 0, 0, 0, 0, 0, 0, 14, 71
"c:\laragon\www\ProyectoFinalSW1\resources\views\cuento\edit.blade.php", "PHP", 0, 0, 0, 60, 0, 0, 0, 0, 0, 0, 13, 73
"c:\laragon\www\ProyectoFinalSW1\resources\views\cuento\index.blade.php", "PHP", 0, 0, 0, 75, 0, 0, 0, 0, 0, 0, 12, 87
"c:\laragon\www\ProyectoFinalSW1\resources\views\cuento\show.blade.php", "PHP", 0, 0, 0, 34, 0, 0, 0, 0, 0, 0, 5, 39
"c:\laragon\www\ProyectoFinalSW1\resources\views\home.blade.php", "PHP", 0, 0, 0, 14, 0, 0, 0, 0, 0, 0, 8, 22
"c:\laragon\www\ProyectoFinalSW1\resources\views\layouts\app.blade.php", "PHP", 0, 0, 0, 71, 0, 0, 0, 0, 0, 0, 15, 86
"c:\laragon\www\ProyectoFinalSW1\resources\views\pagina\create.blade.php", "PHP", 0, 0, 0, 98, 0, 0, 0, 0, 0, 0, 29, 127
"c:\laragon\www\ProyectoFinalSW1\resources\views\pagina\edit.blade.php", "PHP", 0, 0, 0, 37, 0, 0, 0, 0, 0, 0, 8, 45
"c:\laragon\www\ProyectoFinalSW1\resources\views\pagina\form.blade.php", "PHP", 0, 0, 0, 23, 0, 0, 0, 0, 0, 0, 1, 24
"c:\laragon\www\ProyectoFinalSW1\resources\views\pagina\index.blade.php", "PHP", 0, 0, 0, 126, 0, 0, 0, 0, 0, 0, 14, 140
"c:\laragon\www\ProyectoFinalSW1\resources\views\pagina\show.blade.php", "PHP", 0, 0, 0, 36, 0, 0, 0, 0, 0, 0, 7, 43
"c:\laragon\www\ProyectoFinalSW1\resources\views\perfil\perfil.blade.php", "PHP", 0, 0, 0, 0, 0, 0, 0, 0, 0, 0, 1, 1
"c:\laragon\www\ProyectoFinalSW1\resources\views\profile\edit.blade.php", "PHP", 0, 0, 0, 24, 0, 0, 0, 0, 0, 0, 8, 32
"c:\laragon\www\ProyectoFinalSW1\resources\views\profile\show.blade.php", "PHP", 0, 0, 0, 13, 0, 0, 0, 0, 0, 0, 4, 17
"c:\laragon\www\ProyectoFinalSW1\resources\views\vendor\adminlte\auth\auth-page.blade.php", "PHP", 0, 0, 0, 65, 0, 0, 0, 0, 0, 0, 17, 82
"c:\laragon\www\ProyectoFinalSW1\resources\views\vendor\adminlte\auth\login.blade.php", "PHP", 0, 0, 0, 87, 0, 0, 0, 0, 0, 0, 18, 105
"c:\laragon\www\ProyectoFinalSW1\resources\views\vendor\adminlte\auth\passwords\confirm.blade.php", "PHP", 0, 0, 0, 71, 0, 0, 0, 0, 0, 0, 18, 89
"c:\laragon\www\ProyectoFinalSW1\resources\views\vendor\adminlte\auth\passwords\email.blade.php", "PHP", 0, 0, 0, 38, 0, 0, 0, 0, 0, 0, 13, 51
"c:\laragon\www\ProyectoFinalSW1\resources\views\vendor\adminlte\auth\passwords\reset.blade.php", "PHP", 0, 0, 0, 66, 0, 0, 0, 0, 0, 0, 17, 83
"c:\laragon\www\ProyectoFinalSW1\resources\views\vendor\adminlte\auth\register.blade.php", "PHP", 0, 0, 0, 89, 0, 0, 0, 0, 0, 0, 20, 109
"c:\laragon\www\ProyectoFinalSW1\resources\views\vendor\adminlte\auth\verify.blade.php", "PHP", 0, 0, 0, 17, 0, 0, 0, 0, 0, 0, 7, 24
"c:\laragon\www\ProyectoFinalSW1\resources\views\vendor\adminlte\components\form\button.blade.php", "PHP", 0, 0, 0, 4, 0, 0, 0, 0, 0, 0, 1, 5
"c:\laragon\www\ProyectoFinalSW1\resources\views\vendor\adminlte\components\form\date-range.blade.php", "PHP", 0, 0, 0, 104, 0, 0, 0, 0, 0, 19, 43, 166
"c:\laragon\www\ProyectoFinalSW1\resources\views\vendor\adminlte\components\form\input-color.blade.php", "PHP", 0, 0, 0, 30, 0, 0, 0, 0, 0, 5, 20, 55
"c:\laragon\www\ProyectoFinalSW1\resources\views\vendor\adminlte\components\form\input-date.blade.php", "PHP", 0, 0, 0, 41, 0, 0, 0, 0, 0, 7, 20, 68
"c:\laragon\www\ProyectoFinalSW1\resources\views\vendor\adminlte\components\form\input-file-krajee.blade.php", "PHP", 0, 0, 0, 48, 0, 0, 0, 0, 0, 3, 19, 70
"c:\laragon\www\ProyectoFinalSW1\resources\views\vendor\adminlte\components\form\input-file.blade.php", "PHP", 0, 0, 0, 60, 0, 0, 0, 0, 0, 0, 19, 79
"c:\laragon\www\ProyectoFinalSW1\resources\views\vendor\adminlte\components\form\input-group-component.blade.php", "PHP", 0, 0, 0, 48, 0, 0, 0, 0, 0, 0, 18, 66
"c:\laragon\www\ProyectoFinalSW1\resources\views\vendor\adminlte\components\form\input-slider.blade.php", "PHP", 0, 0, 0, 87, 0, 0, 0, 0, 0, 7, 43, 137
"c:\laragon\www\ProyectoFinalSW1\resources\views\vendor\adminlte\components\form\input-switch.blade.php", "PHP", 0, 0, 0, 52, 0, 0, 0, 0, 0, 2, 21, 75
"c:\laragon\www\ProyectoFinalSW1\resources\views\vendor\adminlte\components\form\input.blade.php", "PHP", 0, 0, 0, 10, 0, 0, 0, 0, 0, 0, 7, 17
"c:\laragon\www\ProyectoFinalSW1\resources\views\vendor\adminlte\components\form\options.blade.php", "PHP", 0, 0, 0, 19, 0, 0, 0, 0, 0, 0, 8, 27
"c:\laragon\www\ProyectoFinalSW1\resources\views\vendor\adminlte\components\form\select-bs.blade.php", "PHP", 0, 0, 0, 35, 0, 0, 0, 0, 0, 2, 17, 54
"c:\laragon\www\ProyectoFinalSW1\resources\views\vendor\adminlte\components\form\select.blade.php", "PHP", 0, 0, 0, 26, 0, 0, 0, 0, 0, 0, 13, 39
"c:\laragon\www\ProyectoFinalSW1\resources\views\vendor\adminlte\components\form\select2.blade.php", "PHP", 0, 0, 0, 80, 0, 0, 0, 0, 0, 2, 25, 107
"c:\laragon\www\ProyectoFinalSW1\resources\views\vendor\adminlte\components\form\text-editor.blade.php", "PHP", 0, 0, 0, 48, 0, 0, 0, 0, 0, 3, 24, 75
"c:\laragon\www\ProyectoFinalSW1\resources\views\vendor\adminlte\components\form\textarea.blade.php", "PHP", 0, 0, 0, 10, 0, 0, 0, 0, 0, 0, 7, 17
"c:\laragon\www\ProyectoFinalSW1\resources\views\vendor\adminlte\components\layout\navbar-darkmode-widget.blade.php", "PHP", 0, 0, 0, 40, 0, 0, 0, 0, 0, 6, 20, 66
"c:\laragon\www\ProyectoFinalSW1\resources\views\vendor\adminlte\components\layout\navbar-notification.blade.php", "PHP", 0, 0, 0, 92, 0, 0, 0, 0, 0, 21, 42, 155
"c:\laragon\www\ProyectoFinalSW1\resources\views\vendor\adminlte\components\tool\datatable.blade.php", "PHP", 0, 0, 0, 48, 0, 0, 0, 0, 0, 0, 14, 62
"c:\laragon\www\ProyectoFinalSW1\resources\views\vendor\adminlte\components\tool\modal.blade.php", "PHP", 0, 0, 0, 30, 0, 0, 0, 0, 0, 0, 7, 37
"c:\laragon\www\ProyectoFinalSW1\resources\views\vendor\adminlte\components\widget\alert.blade.php", "PHP", 0, 0, 0, 21, 0, 0, 0, 0, 0, 0, 6, 27
"c:\laragon\www\ProyectoFinalSW1\resources\views\vendor\adminlte\components\widget\callout.blade.php", "PHP", 0, 0, 0, 11, 0, 0, 0, 0, 0, 0, 4, 15
"c:\laragon\www\ProyectoFinalSW1\resources\views\vendor\adminlte\components\widget\card.blade.php", "PHP", 0, 0, 0, 49, 0, 0, 0, 0, 0, 0, 14, 63
"c:\laragon\www\ProyectoFinalSW1\resources\views\vendor\adminlte\components\widget\info-box.blade.php", "PHP", 0, 0, 0, 66, 0, 0, 0, 0, 0, 13, 24, 103
"c:\laragon\www\ProyectoFinalSW1\resources\views\vendor\adminlte\components\widget\profile-col-item.blade.php", "PHP", 0, 0, 0, 26, 0, 0, 0, 0, 0, 0, 7, 33
"c:\laragon\www\ProyectoFinalSW1\resources\views\vendor\adminlte\components\widget\profile-row-item.blade.php", "PHP", 0, 0, 0, 22, 0, 0, 0, 0, 0, 0, 7, 29
"c:\laragon\www\ProyectoFinalSW1\resources\views\vendor\adminlte\components\widget\profile-widget.blade.php", "PHP", 0, 0, 0, 33, 0, 0, 0, 0, 0, 0, 8, 41
"c:\laragon\www\ProyectoFinalSW1\resources\views\vendor\adminlte\components\widget\progress.blade.php", "PHP", 0, 0, 0, 49, 0, 0, 0, 0, 0, 15, 22, 86
"c:\laragon\www\ProyectoFinalSW1\resources\views\vendor\adminlte\components\widget\small-box.blade.php", "PHP", 0, 0, 0, 70, 0, 0, 0, 0, 0, 17, 27, 114
"c:\laragon\www\ProyectoFinalSW1\resources\views\vendor\adminlte\master.blade.php", "PHP", 0, 0, 0, 90, 0, 0, 0, 0, 0, 0, 21, 111
"c:\laragon\www\ProyectoFinalSW1\resources\views\vendor\adminlte\page.blade.php", "PHP", 0, 0, 0, 44, 0, 0, 0, 0, 0, 0, 14, 58
"c:\laragon\www\ProyectoFinalSW1\resources\views\vendor\adminlte\partials\common\brand-logo-xl.blade.php", "PHP", 0, 0, 0, 22, 0, 0, 0, 0, 0, 0, 7, 29
"c:\laragon\www\ProyectoFinalSW1\resources\views\vendor\adminlte\partials\common\brand-logo-xs.blade.php", "PHP", 0, 0, 0, 23, 0, 0, 0, 0, 0, 0, 7, 30
"c:\laragon\www\ProyectoFinalSW1\resources\views\vendor\adminlte\partials\common\preloader.blade.php", "PHP", 0, 0, 0, 8, 0, 0, 0, 0, 0, 0, 3, 11
"c:\laragon\www\ProyectoFinalSW1\resources\views\vendor\adminlte\partials\cwrapper\cwrapper-default.blade.php", "PHP", 0, 0, 0, 23, 0, 0, 0, 0, 0, 0, 6, 29
"c:\laragon\www\ProyectoFinalSW1\resources\views\vendor\adminlte\partials\cwrapper\cwrapper-iframe.blade.php", "PHP", 0, 0, 0, 98, 0, 0, 0, 0, 0, 0, 20, 118
"c:\laragon\www\ProyectoFinalSW1\resources\views\vendor\adminlte\partials\footer\footer.blade.php", "PHP", 0, 0, 0, 3, 0, 0, 0, 0, 0, 0, 0, 3
"c:\laragon\www\ProyectoFinalSW1\resources\views\vendor\adminlte\partials\navbar\dropdown-item-link.blade.php", "PHP", 0, 0, 0, 20, 0, 0, 0, 0, 0, 0, 7, 27
"c:\laragon\www\ProyectoFinalSW1\resources\views\vendor\adminlte\partials\navbar\dropdown-item-submenu.blade.php", "PHP", 0, 0, 0, 24, 0, 0, 0, 0, 0, 0, 8, 32
"c:\laragon\www\ProyectoFinalSW1\resources\views\vendor\adminlte\partials\navbar\dropdown-item.blade.php", "PHP", 0, 0, 0, 8, 0, 0, 0, 0, 0, 0, 6, 14
"c:\laragon\www\ProyectoFinalSW1\resources\views\vendor\adminlte\partials\navbar\menu-item-dropdown-menu.blade.php", "PHP", 0, 0, 0, 24, 0, 0, 0, 0, 0, 0, 8, 32
"c:\laragon\www\ProyectoFinalSW1\resources\views\vendor\adminlte\partials\navbar\menu-item-dropdown-user-menu.blade.php", "PHP", 0, 0, 0, 75, 0, 0, 0, 0, 0, 0, 12, 87
"c:\laragon\www\ProyectoFinalSW1\resources\views\vendor\adminlte\partials\navbar\menu-item-fullscreen-widget.blade.php", "PHP", 0, 0, 0, 5, 0, 0, 0, 0, 0, 0, 1, 6
"c:\laragon\www\ProyectoFinalSW1\resources\views\vendor\adminlte\partials\navbar\menu-item-left-sidebar-toggler.blade.php", "PHP", 0, 0, 0, 15, 0, 0, 0, 0, 0, 0, 0, 15
"c:\laragon\www\ProyectoFinalSW1\resources\views\vendor\adminlte\partials\navbar\menu-item-link.blade.php", "PHP", 0, 0, 0, 20, 0, 0, 0, 0, 0, 0, 7, 27
"c:\laragon\www\ProyectoFinalSW1\resources\views\vendor\adminlte\partials\navbar\menu-item-logout-link.blade.php", "PHP", 0, 0, 0, 18, 0, 0, 0, 0, 0, 0, 2, 20
"c:\laragon\www\ProyectoFinalSW1\resources\views\vendor\adminlte\partials\navbar\menu-item-right-sidebar-toggler.blade.php", "PHP", 0, 0, 0, 14, 0, 0, 0, 0, 0, 0, 0, 14
"c:\laragon\www\ProyectoFinalSW1\resources\views\vendor\adminlte\partials\navbar\menu-item-search-form.blade.php", "PHP", 0, 0, 0, 29, 0, 0, 0, 0, 0, 0, 8, 37
"c:\laragon\www\ProyectoFinalSW1\resources\views\vendor\adminlte\partials\navbar\menu-item.blade.php", "PHP", 0, 0, 0, 35, 0, 0, 0, 0, 0, 0, 14, 49
"c:\laragon\www\ProyectoFinalSW1\resources\views\vendor\adminlte\partials\navbar\navbar-layout-topnav.blade.php", "PHP", 0, 0, 0, 46, 0, 0, 0, 0, 0, 0, 12, 58
"c:\laragon\www\ProyectoFinalSW1\resources\views\vendor\adminlte\partials\navbar\navbar.blade.php", "PHP", 0, 0, 0, 32, 0, 0, 0, 0, 0, 0, 9, 41
"c:\laragon\www\ProyectoFinalSW1\resources\views\vendor\adminlte\partials\sidebar\left-sidebar.blade.php", "PHP", 0, 0, 0, 24, 0, 0, 0, 0, 0, 0, 4, 28
"c:\laragon\www\ProyectoFinalSW1\resources\views\vendor\adminlte\partials\sidebar\menu-item-header.blade.php", "PHP", 0, 0, 0, 3, 0, 0, 0, 0, 0, 0, 3, 6
"c:\laragon\www\ProyectoFinalSW1\resources\views\vendor\adminlte\partials\sidebar\menu-item-link.blade.php", "PHP", 0, 0, 0, 17, 0, 0, 0, 0, 0, 0, 7, 24
"c:\laragon\www\ProyectoFinalSW1\resources\views\vendor\adminlte\partials\sidebar\menu-item-search-form.blade.php", "PHP", 0, 0, 0, 19, 0, 0, 0, 0, 0, 0, 7, 26
"c:\laragon\www\ProyectoFinalSW1\resources\views\vendor\adminlte\partials\sidebar\menu-item-search-menu.blade.php", "PHP", 0, 0, 0, 17, 0, 0, 0, 0, 0, 0, 6, 23
"c:\laragon\www\ProyectoFinalSW1\resources\views\vendor\adminlte\partials\sidebar\menu-item-treeview-menu.blade.php", "PHP", 0, 0, 0, 22, 0, 0, 0, 0, 0, 0, 8, 30
"c:\laragon\www\ProyectoFinalSW1\resources\views\vendor\adminlte\partials\sidebar\menu-item.blade.php", "PHP", 0, 0, 0, 17, 0, 0, 0, 0, 0, 0, 12, 29
"c:\laragon\www\ProyectoFinalSW1\resources\views\vendor\adminlte\partials\sidebar\right-sidebar.blade.php", "PHP", 0, 0, 0, 3, 0, 0, 0, 0, 0, 0, 1, 4
"c:\laragon\www\ProyectoFinalSW1\resources\views\vendor\adminlte\plugins.blade.php", "PHP", 0, 0, 0, 26, 0, 0, 0, 0, 0, 0, 11, 37
"c:\laragon\www\ProyectoFinalSW1\resources\views\welcome.blade.php", "PHP", 0, 0, 0, 63, 0, 0, 0, 0, 0, 0, 11, 74
"c:\laragon\www\ProyectoFinalSW1\routes\api.php", "PHP", 0, 0, 0, 6, 0, 0, 0, 0, 0, 10, 4, 20
"c:\laragon\www\ProyectoFinalSW1\routes\channels.php", "PHP", 0, 0, 0, 5, 0, 0, 0, 0, 0, 10, 4, 19
"c:\laragon\www\ProyectoFinalSW1\routes\console.php", "PHP", 0, 0, 0, 6, 0, 0, 0, 0, 0, 10, 4, 20
"c:\laragon\www\ProyectoFinalSW1\routes\web.php", "PHP", 0, 0, 0, 25, 0, 0, 0, 0, 0, 10, 20, 55
"c:\laragon\www\ProyectoFinalSW1\tests\CreatesApplication.php", "PHP", 0, 0, 0, 13, 0, 0, 0, 0, 0, 3, 6, 22
"c:\laragon\www\ProyectoFinalSW1\tests\Feature\ExampleTest.php", "PHP", 0, 0, 0, 11, 0, 0, 0, 0, 0, 4, 5, 20
"c:\laragon\www\ProyectoFinalSW1\tests\TestCase.php", "PHP", 0, 0, 0, 7, 0, 0, 0, 0, 0, 0, 4, 11
"c:\laragon\www\ProyectoFinalSW1\tests\Unit\ExampleTest.php", "PHP", 0, 0, 0, 10, 0, 0, 0, 0, 0, 3, 4, 17
"c:\laragon\www\ProyectoFinalSW1\vendor\almasaeed2010\adminlte\plugins\flot\plugins\jquery.flot.axislabels.js", "JavaScript", 0, 0, 153, 0, 0, 0, 0, 0, 0, 32, 28, 213
"c:\laragon\www\ProyectoFinalSW1\vendor\almasaeed2010\adminlte\plugins\flot\plugins\jquery.flot.browser.js", "JavaScript", 0, 0, 46, 0, 0, 0, 0, 0, 0, 40, 13, 99
"c:\laragon\www\ProyectoFinalSW1\vendor\almasaeed2010\adminlte\plugins\flot\plugins\jquery.flot.categories.js", "JavaScript", 0, 0, 121, 0, 0, 0, 0, 0, 0, 51, 31, 203
"c:\laragon\www\ProyectoFinalSW1\vendor\almasaeed2010\adminlte\plugins\flot\plugins\jquery.flot.composeImages.js", "JavaScript", 0, 0, 238, 0, 0, 0, 0, 0, 0, 45, 48, 331
"c:\laragon\www\ProyectoFinalSW1\vendor\almasaeed2010\adminlte\plugins\flot\plugins\jquery.flot.crosshair.js", "JavaScript", 0, 0, 118, 0, 0, 0, 0, 0, 0, 60, 25, 203
"c:\laragon\www\ProyectoFinalSW1\vendor\almasaeed2010\adminlte\plugins\flot\plugins\jquery.flot.drawSeries.js", "JavaScript", 0, 0, 472, 0, 0, 0, 0, 0, 0, 89, 102, 663
"c:\laragon\www\ProyectoFinalSW1\vendor\almasaeed2010\adminlte\plugins\flot\plugins\jquery.flot.errorbars.js", "JavaScript", 0, 0, 245, 0, 0, 0, 0, 0, 0, 92, 39, 376
"c:\laragon\www\ProyectoFinalSW1\vendor\almasaeed2010\adminlte\plugins\flot\plugins\jquery.flot.fillbetween.js", "JavaScript", 0, 0, 171, 0, 0, 0, 0, 0, 0, 43, 41, 255
"c:\laragon\www\ProyectoFinalSW1\vendor\almasaeed2010\adminlte\plugins\flot\plugins\jquery.flot.flatdata.js", "JavaScript", 0, 0, 26, 0, 0, 0, 0, 0, 0, 17, 5, 48
"c:\laragon\www\ProyectoFinalSW1\vendor\almasaeed2010\adminlte\plugins\flot\plugins\jquery.flot.hover.js", "JavaScript", 0, 0, 266, 0, 0, 0, 0, 0, 0, 34, 60, 360
"c:\laragon\www\ProyectoFinalSW1\vendor\almasaeed2010\adminlte\plugins\flot\plugins\jquery.flot.image.js", "JavaScript", 0, 0, 156, 0, 0, 0, 0, 0, 0, 61, 33, 250
"c:\laragon\www\ProyectoFinalSW1\vendor\almasaeed2010\adminlte\plugins\flot\plugins\jquery.flot.legend.js", "JavaScript", 0, 0, 370, 0, 0, 0, 0, 0, 0, 28, 40, 438
"c:\laragon\www\ProyectoFinalSW1\vendor\almasaeed2010\adminlte\plugins\flot\plugins\jquery.flot.logaxis.js", "JavaScript", 0, 0, 210, 0, 0, 0, 0, 0, 0, 48, 41, 299
"c:\laragon\www\ProyectoFinalSW1\vendor\almasaeed2010\adminlte\plugins\flot\plugins\jquery.flot.navigate.js", "JavaScript", 0, 0, 595, 0, 0, 0, 0, 0, 0, 120, 120, 835
"c:\laragon\www\ProyectoFinalSW1\vendor\almasaeed2010\adminlte\plugins\flot\plugins\jquery.flot.pie.js", "JavaScript", 0, 0, 539, 0, 0, 0, 0, 0, 0, 128, 128, 795
"c:\laragon\www\ProyectoFinalSW1\vendor\almasaeed2010\adminlte\plugins\flot\plugins\jquery.flot.resize.js", "JavaScript", 0, 0, 27, 0, 0, 0, 0, 0, 0, 24, 10, 61
"c:\laragon\www\ProyectoFinalSW1\vendor\almasaeed2010\adminlte\plugins\flot\plugins\jquery.flot.saturated.js", "JavaScript", 0, 0, 35, 0, 0, 0, 0, 0, 0, 3, 6, 44
"c:\laragon\www\ProyectoFinalSW1\vendor\almasaeed2010\adminlte\plugins\flot\plugins\jquery.flot.selection.js", "JavaScript", 0, 0, 341, 0, 0, 0, 0, 0, 0, 110, 77, 528
"c:\laragon\www\ProyectoFinalSW1\vendor\almasaeed2010\adminlte\plugins\flot\plugins\jquery.flot.stack.js", "JavaScript", 0, 0, 141, 0, 0, 0, 0, 0, 0, 47, 33, 221
"c:\laragon\www\ProyectoFinalSW1\vendor\almasaeed2010\adminlte\plugins\flot\plugins\jquery.flot.symbol.js", "JavaScript", 0, 0, 72, 0, 0, 0, 0, 0, 0, 21, 6, 99
"c:\laragon\www\ProyectoFinalSW1\vendor\almasaeed2010\adminlte\plugins\flot\plugins\jquery.flot.threshold.js", "JavaScript", 0, 0, 80, 0, 0, 0, 0, 0, 0, 45, 19, 144
"c:\laragon\www\ProyectoFinalSW1\vendor\almasaeed2010\adminlte\plugins\flot\plugins\jquery.flot.time.js", "JavaScript", 0, 0, 458, 0, 0, 0, 0, 0, 0, 49, 81, 588
"c:\laragon\www\ProyectoFinalSW1\vendor\almasaeed2010\adminlte\plugins\flot\plugins\jquery.flot.touch.js", "JavaScript", 0, 0, 273, 0, 0, 0, 0, 0, 0, 1, 47, 321
"c:\laragon\www\ProyectoFinalSW1\vendor\almasaeed2010\adminlte\plugins\flot\plugins\jquery.flot.touchNavigate.js", "JavaScript", 0, 0, 305, 0, 0, 0, 0, 0, 0, 5, 51, 361
"c:\laragon\www\ProyectoFinalSW1\vendor\almasaeed2010\adminlte\plugins\flot\plugins\jquery.flot.uiConstants.js", "JavaScript", 0, 0, 10, 0, 0, 0, 0, 0, 0, 0, 1, 11
"c:\laragon\www\ProyectoFinalSW1\vendor\spatie\ignition\resources\compiled\ignition.css", "CSS", 1, 0, 0, 0, 0, 0, 0, 0, 0, 2, 0, 3
"c:\laragon\www\ProyectoFinalSW1\vendor\spatie\ignition\resources\compiled\ignition.js", "JavaScript", 0, 0, 6, 0, 0, 0, 0, 0, 0, 0, 1, 7
"c:\laragon\www\ProyectoFinalSW1\vite.config.js", "JavaScript", 0, 0, 13, 0, 0, 0, 0, 0, 0, 0, 4, 17
"Total", "-", 62814, 10128, 36655, 6086, 9581, 45, 7, 25, 57, 13406, 24116, 162920